ginko,salut,SalutFares,sahincroyable,forceatoi@gmail.com,Autre
fares,ben,Fares,Ben Mabrouk,fares.bmabrouk@gmail.com,Rothschild
Julie,Gautier,Julie,Gautier,Julie.Gautier@gmail.com,Pyramides
suzana,lapps,suzana,lapps,lapps@gmail.com,Illuminatis
ddada,sa,Fares,BenMabrouk,fares.bmabrouk@gmail.com,Pyramides
gaga,dada,Fares,BenMabrouk,fares.bmabrouk@gmail.com,Pyramides
fafa,bvbv,Fares,Benmabrouk,fares.bmabrouk@gmail.com,Pyramides
Raradu95,rara,rayan,Hussein,rara@gmail.com,Tours_Jumelles
Alien,dada,Alien,dada,fafa@gmail.com,Aliens
Puces,dada,da,da,dfdf@gmzil.com,PucesRFID
puce,dada,puce,da,dfdf@fd.vo,Puces_RFID
autre,dadas,dzsd,dsqd,sdfd@gmi.com,Autre
